Workbook

Sheet 📊 KPI Dashboard
A1: 🗂 PROJECT KPI DASHBOARD | 2026
A2: Agency & Freelance Portfolio | Delivery • Budget • Time • Team Performance | Auto-updates from Project Data sheets
A3: Prepared by Farhan Siddique | Digital Marketer & Data Analyst | HubSpot, Google & Microsoft Certified
B4: TOTAL PROJECTS | D4: COMPLETED | F4: IN PROGRESS | H4: PLANNING
B5: =COUNTA('📁 Project Data'!B3:B17) | D5: =COUNTIF('📁 Project Data'!N3:N17,"Completed") | F5: =COUNTIF('📁 Project Data'!N3:N17,"In Progress") | H5: =COUNTIF('📁 Project Data'!N3:N17,"Planning")
B9: TOTAL PORTFOLIO VALUE ($) | D9: ACTUAL COST TO DATE ($) | F9: BUDGET UTILIZATION (%) | H9: AVG COMPLETION (%)
B10: =SUM('📁 Project Data'!H3:H17) | D10: =SUM('📁 Project Data'!I3:I17) | F10: =IFERROR(SUM('📁 Project Data'!I3:I17)/SUM('📁 Project Data'!H3:H17),0) | H10: =IFERROR(AVERAGE('📁 Project Data'!L3:L17),0)
B14: TOTAL HOURS BUDGETED | D14: HOURS LOGGED TO DATE | F14: HOURS EFFICIENCY (%) | H14: CRITICAL PRIORITY PROJECTS
B15: =SUM('📁 Project Data'!J3:J17) | D15: =SUM('📁 Project Data'!K3:K17) | F15: =IFERROR(SUM('📁 Project Data'!K3:K17)/SUM('📁 Project Data'!J3:J17),0) | H15: =COUNTIF('📁 Project Data'!M3:M17,"Critical")
A19: PROJECT PORTFOLIO SUMMARY | All Projects
B20: Project Name | C20: Client | D20: Type | E20: Budget ($) | F20: Actual Cost | G20: % Used | H20: Completion | I20: Hours Used | J20: Priority | K20: Status
B21: ='📁 Project Data'!B3 | C21: ='📁 Project Data'!C3 | D21: ='📁 Project Data'!D3 | E21: ='📁 Project Data'!H3 | F21: ='📁 Project Data'!I3 | G21: =IFERROR(F21/E21,0) | H21: ='📁 Project Data'!L3 | I21: =IFERROR('📁 Project Data'!K3/'📁 Project Data'!J3,0) | J21: ='📁 Project Data'!M3 | K21: ='📁 Project Data'!N3
B22: ='📁 Project Data'!B4 | C22: ='📁 Project Data'!C4 | D22: ='📁 Project Data'!D4 | E22: ='📁 Project Data'!H4 | F22: ='📁 Project Data'!I4 | G22: =IFERROR(F22/E22,0) | H22: ='📁 Project Data'!L4 | I22: =IFERROR('📁 Project Data'!K4/'📁 Project Data'!J4,0) | J22: ='📁 Project Data'!M4 | K22: ='📁 Project Data'!N4
B23: ='📁 Project Data'!B5 | C23: ='📁 Project Data'!C5 | D23: ='📁 Project Data'!D5 | E23: ='📁 Project Data'!H5 | F23: ='📁 Project Data'!I5 | G23: =IFERROR(F23/E23,0) | H23: ='📁 Project Data'!L5 | I23: =IFERROR('📁 Project Data'!K5/'📁 Project Data'!J5,0) | J23: ='📁 Project Data'!M5 | K23: ='📁 Project Data'!N5
B24: ='📁 Project Data'!B6 | C24: ='📁 Project Data'!C6 | D24: ='📁 Project Data'!D6 | E24: ='📁 Project Data'!H6 | F24: ='📁 Project Data'!I6 | G24: =IFERROR(F24/E24,0) | H24: ='📁 Project Data'!L6 | I24: =IFERROR('📁 Project Data'!K6/'📁 Project Data'!J6,0) | J24: ='📁 Project Data'!M6 | K24: ='📁 Project Data'!N6
B25: ='📁 Project Data'!B7 | C25: ='📁 Project Data'!C7 | D25: ='📁 Project Data'!D7 | E25: ='📁 Project Data'!H7 | F25: ='📁 Project Data'!I7 | G25: =IFERROR(F25/E25,0) | H25: ='📁 Project Data'!L7 | I25: =IFERROR('📁 Project Data'!K7/'📁 Project Data'!J7,0) | J25: ='📁 Project Data'!M7 | K25: ='📁 Project Data'!N7
B26: ='📁 Project Data'!B8 | C26: ='📁 Project Data'!C8 | D26: ='📁 Project Data'!D8 | E26: ='📁 Project Data'!H8 | F26: ='📁 Project Data'!I8 | G26: =IFERROR(F26/E26,0) | H26: ='📁 Project Data'!L8 | I26: =IFERROR('📁 Project Data'!K8/'📁 Project Data'!J8,0) | J26: ='📁 Project Data'!M8 | K26: ='📁 Project Data'!N8
B27: ='📁 Project Data'!B9 | C27: ='📁 Project Data'!C9 | D27: ='📁 Project Data'!D9 | E27: ='📁 Project Data'!H9 | F27: ='📁 Project Data'!I9 | G27: =IFERROR(F27/E27,0) | H27: ='📁 Project Data'!L9 | I27: =IFERROR('📁 Project Data'!K9/'📁 Project Data'!J9,0) | J27: ='📁 Project Data'!M9 | K27: ='📁 Project Data'!N9
B28: ='📁 Project Data'!B10 | C28: ='📁 Project Data'!C10 | D28: ='📁 Project Data'!D10 | E28: ='📁 Project Data'!H10 | F28: ='📁 Project Data'!I10 | G28: =IFERROR(F28/E28,0) | H28: ='📁 Project Data'!L10 | I28: =IFERROR('📁 Project Data'!K10/'📁 Project Data'!J10,0) | J28: ='📁 Project Data'!M10 | K28: ='📁 Project Data'!N10
B29: ='📁 Project Data'!B11 | C29: ='📁 Project Data'!C11 | D29: ='📁 Project Data'!D11 | E29: ='📁 Project Data'!H11 | F29: ='📁 Project Data'!I11 | G29: =IFERROR(F29/E29,0) | H29: ='📁 Project Data'!L11 | I29: =IFERROR('📁 Project Data'!K11/'📁 Project Data'!J11,0) | J29: ='📁 Project Data'!M11 | K29: ='📁 Project Data'!N11
B30: ='📁 Project Data'!B12 | C30: ='📁 Project Data'!C12 | D30: ='📁 Project Data'!D12 | E30: ='📁 Project Data'!H12 | F30: ='📁 Project Data'!I12 | G30: =IFERROR(F30/E30,0) | H30: ='📁 Project Data'!L12 | I30: =IFERROR('📁 Project Data'!K12/'📁 Project Data'!J12,0) | J30: ='📁 Project Data'!M12 | K30: ='📁 Project Data'!N12
B31: ='📁 Project Data'!B13 | C31: ='📁 Project Data'!C13 | D31: ='📁 Project Data'!D13 | E31: ='📁 Project Data'!H13 | F31: ='📁 Project Data'!I13 | G31: =IFERROR(F31/E31,0) | H31: ='📁 Project Data'!L13 | I31: =IFERROR('📁 Project Data'!K13/'📁 Project Data'!J13,0) | J31: ='📁 Project Data'!M13 | K31: ='📁 Project Data'!N13
B32: ='📁 Project Data'!B14 | C32: ='📁 Project Data'!C14 | D32: ='📁 Project Data'!D14 | E32: ='📁 Project Data'!H14 | F32: ='📁 Project Data'!I14 | G32: =IFERROR(F32/E32,0) | H32: ='📁 Project Data'!L14 | I32: =IFERROR('📁 Project Data'!K14/'📁 Project Data'!J14,0) | J32: ='📁 Project Data'!M14 | K32: ='📁 Project Data'!N14
... B35: ='📁 Project Data'!B17 | C35: ='📁 Project Data'!C17 | D35: ='📁 Project Data'!D17 | E35: ='📁 Project Data'!H17 | F35: ='📁 Project Data'!I17 | G35: =IFERROR(F35/E35,0) | H35: ='📁 Project Data'!L17 | I35: =IFERROR('📁 Project Data'!K17/'📁 Project Data'!J17,0) | J35: ='📁 Project Data'!M17 | K35: ='📁 Project Data'!N17

Sheet 📁 Project Data
A1: PROJECT KPI DATA | 2026 | Agency / Freelancer Project Portfolio Tracker
A2: # | B2: Project Name | C2: Client | D2: Type | E2: PM | F2: Start Date | G2: End Date | H2: Budget ($) | I2: Actual Cost ($) | J2: Hours Budgeted | K2: Hours Logged | L2: % Complete | M2: Priority | N2: Status | O2: Health Score
A3: 1 | B3: Brand Identity Redesign | C3: Apex Corp | D3: Branding | E3: Sarah K. | F3: 2026-01-10 | G3: 2026-03-15 | H3: 18000 | I3: 16500 | J3: 220 | K3: 198 | L3: 1 | M3: High | N3: Completed | O3: =ROUND(((I3/H3)*40+(L3)*60)/100*100,0)
A4: 2 | B4: E-Commerce Website Launch | C4: RetailNow | D4: Web Dev | E4: James T. | F4: 2026-01-20 | G4: 2026-04-30 | H4: 45000 | I4: 41200 | J4: 480 | K4: 440 | L4: 1 | M4: Critical | N4: Completed | O4: =ROUND(((I4/H4)*40+(L4)*60)/100*100,0)
A5: 3 | B5: SEO Campaign — Q1/Q2 | C5: GreenLeaf Co. | D5: SEO | E5: Alex M. | F5: 2026-02-01 | G5: 2026-06-30 | H5: 12000 | I5: 9800 | J5: 160 | K5: 142 | L5: 1 | M5: High | N5: Completed | O5: =ROUND(((I5/H5)*40+(L5)*60)/100*100,0)
A6: 4 | B6: Social Media Management | C6: FitLife Brand | D6: Social Media | E6: Sarah K. | F6: 2026-01-01 | G6: 2026-12-31 | H6: 24000 | I6: 18600 | J6: 360 | K6: 285 | L6: 0.77 | M6: High | N6: In Progress | O6: =ROUND(((I6/H6)*40+(L6)*60)/100*100,0)
A7: 5 | B7: Mobile App UI/UX | C7: TechFlow Inc. | D7: Design | E7: James T. | F7: 2026-03-01 | G7: 2026-07-31 | H7: 32000 | I7: 28900 | J7: 400 | K7: 362 | L7: 0.9 | M7: Critical | N7: In Progress | O7: =ROUND(((I7/H7)*40+(L7)*60)/100*100,0)
A8: 6 | B8: Email Marketing Automation | C8: ShopEasy | D8: Email Mktg | E8: Alex M. | F8: 2026-04-01 | G8: 2026-06-15 | H8: 8500 | I8: 8200 | J8: 100 | K8: 98 | L8: 1 | M8: Medium | N8: Completed | O8: =ROUND(((I8/H8)*40+(L8)*60)/100*100,0)
A9: 7 | B9: Google Ads Campaign | C9: LuxHomes | D9: Paid Ads | E9: Sarah K. | F9: 2026-05-01 | G9: 2026-08-31 | H9: 15000 | I9: 11200 | J9: 160 | K9: 120 | L9: 0.75 | M9: High | N9: In Progress | O9: =ROUND(((I9/H9)*40+(L9)*60)/100*100,0)
A10: 8 | B10: Content Strategy & Blog | C10: MedTech Solutions | D10: Content | E10: James T. | F10: 2026-06-01 | G10: 2026-09-30 | H10: 9500 | I10: 6800 | J10: 180 | K10: 128 | L10: 0.67 | M10: Medium | N10: In Progress | O10: =ROUND(((I10/H10)*40+(L10)*60)/100*100,0)
A11: 9 | B11: WordPress Website Rebuild | C11: LocalBiz Hub | D11: Web Dev | E11: Alex M. | F11: 2026-07-01 | G11: 2026-09-15 | H11: 6500 | I11: 6100 | J11: 80 | K11: 74 | L11: 0.95 | M11: Low | N11: In Progress | O11: =ROUND(((I11/H11)*40+(L11)*60)/100*100,0)
A12: 10 | B12: CRM Implementation | C12: SalesForce BD | D12: CRM | E12: Sarah K. | F12: 2026-08-01 | G12: 2026-10-31 | H12: 22000 | I12: 14500 | J12: 280 | K12: 186 | L12: 0.66 | M12: Critical | N12: In Progress | O12: =ROUND(((I12/H12)*40+(L12)*60)/100*100,0)
A13: 11 | B13: Annual Report Design | C13: FinCorp Ltd. | D13: Design | E13: James T. | F13: 2026-09-01 | G13: 2026-10-15 | H13: 7500 | I13: 5200 | J13: 90 | K13: 62 | L13: 0.69 | M13: Medium | N13: In Progress | O13: =ROUND(((I13/H13)*40+(L13)*60)/100*100,0)
A14: 12 | B14: YouTube SEO & Strategy | C14: Creator Hub | D14: SEO | E14: Alex M. | F14: 2026-10-01 | G14: 2026-12-15 | H14: 5500 | I14: 1800 | J14: 60 | K14: 20 | L14: 0.33 | M14: Low | N14: In Progress | O14: =ROUND(((I14/H14)*40+(L14)*60)/100*100,0)
... A17: 15 | B17: Brand Guidelines Document | C17: StartupX | D17: Branding | E17: Alex M. | F17: 2026-11-15 | G17: 2026-12-31 | H17: 4000 | I17: 1200 | J17: 40 | K17: 12 | L17: 0.3 | M17: Low | N17: Planning | O17: =ROUND(((I17/H17)*40+(L17)*60)/100*100,0)

Sheet ✅ Milestones & Tasks
A1: MILESTONES & TASK TRACKER | Live status from Project Data
A2: # | B2: Milestone / Task | C2: Project | D2: Assigned To | E2: Due Date | F2: Days Remaining | G2: Priority | H2: Status
A3: 1 | B3: Wireframes Approved | C3: Mobile App UI/UX | D3: James T. | E3: 2026-05-15 | F3: Done | G3: Critical | H3: Completed
A4: 2 | B4: Design System Finalized | C4: Mobile App UI/UX | D4: James T. | E4: 2026-06-01 | F4: Done | G4: High | H4: Completed
A5: 3 | B5: Prototype Delivery | C5: Mobile App UI/UX | D5: James T. | E5: 2026-06-30 | F5: Done | G5: Critical | H5: Completed
A6: 4 | B6: Final UI Handoff | C6: Mobile App UI/UX | D6: James T. | E6: 2026-07-25 | F6: Done | G6: Critical | H6: Completed
A7: 5 | B7: CRM Data Migration | C7: CRM Implementation | D7: Sarah K. | E7: 2026-09-01 | F7: Done | G7: High | H7: Completed
A8: 6 | B8: CRM User Training | C8: CRM Implementation | D8: Sarah K. | E8: 2026-10-01 | F8: Done | G8: Critical | H8: Completed
A9: 7 | B9: CRM Go-Live | C9: CRM Implementation | D9: Sarah K. | E9: 2026-10-31 | F9: 2026-10-31 | G9: Critical | H9: In Progress
A10: 8 | B10: Q4 Content Calendar | C10: Content Strategy & Blog | D10: James T. | E10: 2026-09-15 | F10: Done | G10: Medium | H10: Completed
A11: 9 | B11: 20 Blog Posts Published | C11: Content Strategy & Blog | D11: James T. | E11: 2026-09-30 | F11: Done | G11: High | H11: Completed
A12: 10 | B12: SEO Reporting Dashboard | C12: YouTube SEO & Strategy | D12: Alex M. | E12: 2026-11-01 | F12: 2026-11-01 | G12: Low | H12: In Progress
A13: 11 | B13: LinkedIn Ads Live | C13: LinkedIn Lead Gen | D13: Sarah K. | E13: 2026-10-20 | F13: Done | G13: High | H13: Completed
A14: 12 | B14: First 50 Leads Delivered | C14: LinkedIn Lead Gen | D14: Sarah K. | E14: 2026-11-30 | F14: 2026-11-30 | G14: Critical | H14: In Progress
... A17: 15 | B17: WordPress Launch | C17: WordPress Website Rebuild | D17: Alex M. | E17: 2026-09-14 | F17: Done | G17: Low | H17: Completed

Sheet 👥 Team Performance
A1: TEAM PERFORMANCE SUMMARY | Project Managers & Delivery Metrics
B3: PM Name | C3: Projects Assigned | D3: Completed | E3: In Progress | F3: Total Budget | G3: Actual Cost | H3: Budget Util% | I3: Avg Completion%
B4: Sarah K. | C4: 5 | D4: 2 | E4: 3 | F4: 70000 | G4: 53500 | H4: 0.764 | I4: 0.67
B5: James T. | C5: 5 | D5: 3 | E5: 2 | F5: 107500 | G5: 89100 | H5: 0.829 | I5: 0.73
B6: Alex M. | C6: 5 | D6: 3 | E6: 2 | F6: 36500 | G6: 23900 | H6: 0.655 | I6: 0.71
B7: TOTAL / AVG | C7: =SUM(C4:C6) | D7: =SUM(D4:D6) | E7: =SUM(E4:E6) | F7: =SUM(F4:F6) | G7: =SUM(G4:G6) | H7: =AVERAGE(H4:H6) | I7: =AVERAGE(I4:I6)

Sheet 📋 Executive Summary
A1: EXECUTIVE PROJECT SUMMARY | 2026
A3: KEY PROJECT METRICS
B4: Total Projects in Portfolio | C4: =COUNTA('📁 Project Data'!B3:B17)
B5: Projects Completed | C5: =COUNTIF('📁 Project Data'!N3:N17,"Completed")
B6: Projects In Progress | C6: =COUNTIF('📁 Project Data'!N3:N17,"In Progress")
B7: Total Portfolio Value | C7: =SUM('📁 Project Data'!H3:H17)
B8: Total Actual Cost (to date) | C8: =SUM('📁 Project Data'!I3:I17)
B9: Overall Budget Utilization | C9: =IFERROR(SUM('📁 Project Data'!I3:I17)/SUM('📁 Project Data'!H3:H17),0)
B10: Average Project Completion | C10: =AVERAGE('📁 Project Data'!L3:L17)
B11: Total Hours Budgeted | C11: =SUM('📁 Project Data'!J3:J17)
B12: Total Hours Logged | C12: =SUM('📁 Project Data'!K3:K17)
B13: Team Hour Efficiency | C13: =IFERROR(SUM('📁 Project Data'!K3:K17)/SUM('📁 Project Data'!J3:J17),0)
B14: Critical Priority Projects | C14: =COUNTIF('📁 Project Data'!M3:M17,"Critical")
B15: Highest Budget Project | C15: =INDEX('📁 Project Data'!B3:B17,MATCH(MAX('📁 Project Data'!H3:H17),'📁 Project Data'!H3:H17,0))
A17: Prepared by Farhan Siddique | Digital Marketer & Data Analyst | HubSpot, Google & Microsoft Certified
A18: Available on Fiverr & Upwork | Excel Dashboards • SEO Audits • Email Marketing
